FirstName,LastName
rahul,maurya
amit,kumar
Aamir,Khan
rajveer,singh
siddhart,dixit
siddhart,dixit
sumit,jha
nitin,kumar
fghf,fhfh
Sushil,Borooah
Mayankk ,Singh
Kunal,Berwar
sourabh,Kumar
Vijay,Bhutani
Srinivas ,rokhade
Avanish,Mishra
Ramesh,MG
Madhur,Satija
Pratap,Singh
Surinder,Pal
Pradeep,D
Bhawana,Singh
Sushant,Mehta
Natarajan,Ranganathan
Rajeev,Singh
Debabrata,Saha
Digvijay,Singh
Rukmaji,Ramanujan
Richa,Singh
Sourabh,Deorah
Ravi,Gururaj
Shesh Rao ,Paplikar
Anand ,Thakur
Avinash ,Lodha
Saravanan , I M
gurmeet ,bidhuri
Rishi,Mehra
Ruchira,Chatterjee
Mudassir,Jamal
Narayan,R
Yash,Parashar
Kuldip Kumar,Mehta
Vivek,Sethia
Faisal,Salim
Nithin,Kamath
Tanu,Prabhakar
Suresh,Rangarajan
Naveen,
Ashish,Kumar
Limesh,Misal
Munish,Kumar
Shalini,Rao
Gita,Ramanan
Vivek,Sharma
Pratik,Gauri
Sanjay K,Lachhiramka
Siddhartha,Gupta
Kaizad,Hansotia
Avadhesh,Dixit
Priyanandan,Reddy
Nandini P,Gowda
Gautami,Ramesh Havele
Parvez,Mulla
raaz,singh
pankaj,singh
jay,singh
ajay,singh
vijay,singh
sunil,singh
Baseem,Beg
UNKNOWN,UNKNOWN
rajveer,singh
rajveer,singh
